"state","district_name","version","nrecords","district_file","status"
"HP","Hamirpur",2020-12-15 13:11:00,104,"Hamirpur.pdf","TRUE"
"HP","Kullu",2020-12-15 13:11:00,104,"Kullu.pdf","TRUE"
"HP","Lahul and Spiti",2020-12-15 13:11:00,104,"Lahul and Spiti.pdf","TRUE"
"HP","Mandi",2020-12-15 13:11:00,104,"Mandi.pdf","TRUE"
"HP","Bilaspur",2020-12-15 13:11:00,104,"Bilaspur.pdf","TRUE"
"HP","Una",2020-12-15 13:11:00,104,"Una.pdf","TRUE"
"HP","Chamba",2020-12-16 23:17:51,104,"Chamba.pdf","TRUE"
"MH","Palghar",2020-12-15 13:11:00,104,"Palghar.pdf","TRUE"
"MH","Thane",2020-12-16 23:17:51,104,"Thane.pdf","TRUE"
"ML","East Garo Hills",2020-12-15 13:11:00,104,"East Garo Hills.pdf","TRUE"
"ML","East Jaintia Hills",2020-12-15 13:11:00,104,"East Jaintia Hills.pdf","TRUE"
"ML","North Garo Hills",2020-12-15 13:11:00,104,"North Garo Hills.pdf","TRUE"
"ML","South West Garo Hills",2020-12-15 13:11:00,104,"South West Garo Hills.pdf","TRUE"
"ML","South West Khasi Hills",2020-12-15 13:11:00,104,"South West Khasi Hills.pdf","TRUE"
"ML","West Jaintia Hills",2020-12-15 13:11:00,104,"West Jaintia Hills.pdf","TRUE"
"ML","West Khasi Hills",2020-12-15 13:11:00,104,"West Khasi Hills.pdf","TRUE"
"TR","Gomati",2020-12-15 13:11:00,104,"Gomati.pdf","TRUE"
"TR","Khowai",2020-12-15 13:11:00,104,"Khowai.pdf","TRUE"
"TR","North Tripura",2020-12-15 13:11:00,104,"North Tripura.pdf","TRUE"
"TR","Sepahijala",2020-12-15 13:11:00,104,"Sepahijala.pdf","TRUE"
"TR","South Tripura",2020-12-15 13:11:00,104,"South Tripura.pdf","TRUE"
"TR","Unakoti",2020-12-15 13:11:00,104,"Unakoti.pdf","TRUE"
"TR","West Tripura",2020-12-15 13:11:00,104,"West Tripura.pdf","TRUE"
"HP","Kangra",2020-12-16 23:17:51,104,"Kangra.pdf","TRUE"
"HP","Kinnaur",2020-12-15 13:11:00,104,"Kinnaur.pdf","TRUE"
"HP","Shimla",2020-12-15 13:11:00,104,"Shimla.pdf","TRUE"
"ML","West Garo Hills",2020-12-15 13:11:00,104,"West Garo Hills.pdf","TRUE"
"HP","Sirmaur",2020-12-15 13:11:00,104,"Sirmaur.pdf","TRUE"
"HP","Solan",2020-12-15 13:11:00,104,"Solan.pdf","TRUE"
"MH","Dhule",2020-12-16 23:17:51,104,"Dhule.pdf","TRUE"
"AN","Nicobars",2020-12-15 13:11:00,104,"Nicobars.pdf","TRUE"
"AN","North & Middle Andaman",2020-12-15 13:11:00,104,"North & Middle Andaman.pdf","TRUE"
"AN","South Andaman",2020-12-15 13:11:00,104,"South Andaman.pdf","TRUE"
"AP","Anantapur",2020-12-15 13:11:00,104,"Anantapur.pdf","TRUE"
"AP","Chittoor",2020-12-15 13:11:00,104,"Chittoor.pdf","TRUE"
"AP","East Godavari",2020-12-15 13:11:00,104,"East Godavari.pdf","TRUE"
"AP","Guntur",2020-12-15 13:11:00,104,"Guntur.pdf","TRUE"
"AP","Krishna",2020-12-15 13:11:00,104,"Krishna.pdf","TRUE"
"AP","Kurnool",2020-12-15 13:11:00,104,"Kurnool.pdf","TRUE"
"AP","Prakasam",2020-12-15 13:11:00,104,"Prakasam.pdf","TRUE"
"AP","Sri Potti Sriramulu Nellore",2020-12-15 13:11:00,104,"Sri Potti Sriramulu Nellore.pdf","TRUE"
"AP","Srikakulam",2020-12-15 13:11:00,104,"Srikakulam.pdf","TRUE"
"AP","Visakhapatnam",2020-12-15 13:11:00,104,"Visakhapatnam.pdf","TRUE"
"AP","Vizianagaram",2020-12-15 13:11:00,104,"Vizianagaram.pdf","TRUE"
"AP","West Godavari",2020-12-15 13:11:00,104,"West Godavari.pdf","TRUE"
"AP","Y.S.R.",2020-12-15 13:11:00,104,"Y.S.R..pdf","TRUE"
"AS","Baksa",2020-12-15 13:11:00,104,"Baksa.pdf","TRUE"
"AS","Barpeta",2020-12-15 13:11:00,104,"Barpeta.pdf","TRUE"
"AS","Biswanath",2020-12-15 13:11:00,104,"Biswanath.pdf","TRUE"
"AS","Bongaigaon",2020-12-15 13:11:00,104,"Bongaigaon.pdf","TRUE"
"AS","Cachar",2020-12-15 13:11:00,104,"Cachar.pdf","TRUE"
"AS","Charaideo",2020-12-15 13:11:00,104,"Charaideo.pdf","TRUE"
"AS","Chirang",2020-12-15 13:11:00,104,"Chirang.pdf","TRUE"
"AS","Darrang",2020-12-15 13:11:00,104,"Darrang.pdf","TRUE"
"AS","Dhemaji",2020-12-15 13:11:00,104,"Dhemaji.pdf","TRUE"
"AS","Dhubri",2020-12-15 13:11:00,104,"Dhubri.pdf","TRUE"
"AS","Dibrugarh",2020-12-15 13:11:00,104,"Dibrugarh.pdf","TRUE"
"AS","Dima Hasao",2020-12-15 13:11:00,104,"Dima Hasao.pdf","TRUE"
"AS","Goalpara",2020-12-15 13:11:00,104,"Goalpara.pdf","TRUE"
"AS","Golaghat",2020-12-15 13:11:00,104,"Golaghat.pdf","TRUE"
"AS","Hailakandi",2020-12-15 13:11:00,104,"Hailakandi.pdf","TRUE"
"AS","Hojai",2020-12-15 13:11:00,104,"Hojai.pdf","TRUE"
"AS","Jorhat",2020-12-15 13:11:00,104,"Jorhat.pdf","TRUE"
"AS","Kamrup",2020-12-15 13:11:00,104,"Kamrup.pdf","TRUE"
"AS","Kamrup Metropolitan",2020-12-15 13:11:00,104,"Kamrup Metropolitan.pdf","TRUE"
"AS","Karbi Anglong",2020-12-15 13:11:00,104,"Karbi Anglong.pdf","TRUE"
"AS","Karimganj",2020-12-15 13:11:00,104,"Karimganj.pdf","TRUE"
"AS","Kokrajhar",2020-12-15 13:11:00,104,"Kokrajhar.pdf","TRUE"
"AS","Lakhimpur",2020-12-15 13:11:00,104,"Lakhimpur.pdf","TRUE"
"AS","Majuli",2020-12-15 13:11:00,104,"Majuli.pdf","TRUE"
"AS","Morigaon",2020-12-15 13:11:00,104,"Morigaon.pdf","TRUE"
"AS","Nagaon",2020-12-15 13:11:00,104,"Nagaon.pdf","TRUE"
"AS","Nalbari",2020-12-15 13:11:00,104,"Nalbari.pdf","TRUE"
"AS","Sivasagar",2020-12-15 13:11:00,104,"Sivasagar.pdf","TRUE"
"AS","Sonitpur",2020-12-15 13:11:00,104,"Sonitpur.pdf","TRUE"
"AS","South Salmara Mancachar",2020-12-15 13:11:00,104,"South Salmara Mancachar.pdf","TRUE"
"AS","Tinsukia",2020-12-15 13:11:00,104,"Tinsukia.pdf","TRUE"
"AS","Udalguri",2020-12-15 13:11:00,104,"Udalguri.pdf","TRUE"
"AS","West Karbi Anglong",2020-12-15 13:11:00,104,"West Karbi Anglong.pdf","TRUE"
"BR","Araria",2020-12-15 13:11:00,104,"Araria.pdf","TRUE"
"BR","Arwal",2020-12-15 13:11:00,104,"Arwal.pdf","TRUE"
"BR","Aurangabad",2020-12-15 13:11:00,104,"Aurangabad.pdf","TRUE"
"BR","Banka",2020-12-15 13:11:00,104,"Banka.pdf","TRUE"
"BR","Begusarai",2020-12-15 13:11:00,104,"Begusarai.pdf","TRUE"
"BR","Bhagalpur",2020-12-15 13:11:00,104,"Bhagalpur.pdf","TRUE"
"BR","Bhojpur",2020-12-15 13:11:00,104,"Bhojpur.pdf","TRUE"
"BR","Buxar",2020-12-15 13:11:00,104,"Buxar.pdf","TRUE"
"BR","Darbhanga",2020-12-15 13:11:00,104,"Darbhanga.pdf","TRUE"
"BR","Gaya",2020-12-15 13:11:00,104,"Gaya.pdf","TRUE"
"BR","Gopalganj",2020-12-15 13:11:00,104,"Gopalganj.pdf","TRUE"
"BR","Jamui",2020-12-15 13:11:00,104,"Jamui.pdf","TRUE"
"BR","Jehanabad",2020-12-15 13:11:00,104,"Jehanabad.pdf","TRUE"
"BR","Kaimur (Bhabua)",2020-12-15 13:11:00,104,"Kaimur (Bhabua).pdf","TRUE"
"BR","Katihar",2020-12-15 13:11:00,104,"Katihar.pdf","TRUE"
"BR","Khagaria",2020-12-15 13:11:00,104,"Khagaria.pdf","TRUE"
"BR","Kishanganj",2020-12-15 13:11:00,104,"Kishanganj.pdf","TRUE"
"BR","Lakhisarai",2020-12-15 13:11:00,104,"Lakhisarai.pdf","TRUE"
"BR","Madhepura",2020-12-15 13:11:00,104,"Madhepura.pdf","TRUE"
"BR","Madhubani",2020-12-15 13:11:00,104,"Madhubani.pdf","TRUE"
"BR","Munger",2020-12-15 13:11:00,104,"Munger.pdf","TRUE"
"BR","Muzaffarpur",2020-12-15 13:11:00,104,"Muzaffarpur.pdf","TRUE"
"BR","Nalanda",2020-12-15 13:11:00,104,"Nalanda.pdf","TRUE"
"BR","Nawada",2020-12-15 13:11:00,104,"Nawada.pdf","TRUE"
"BR","Pashchim Champaran",2020-12-15 13:11:00,104,"Pashchim Champaran.pdf","TRUE"
"BR","Patna",2020-12-15 13:11:00,104,"Patna.pdf","TRUE"
"BR","Purba Champaran",2020-12-15 13:11:00,104,"Purba Champaran.pdf","TRUE"
"BR","Purnia",2020-12-15 13:11:00,104,"Purnia.pdf","TRUE"
"BR","Rohtas",2020-12-15 13:11:00,104,"Rohtas.pdf","TRUE"
"BR","Saharsa",2020-12-15 13:11:00,104,"Saharsa.pdf","TRUE"
"BR","Samastipur",2020-12-15 13:11:00,104,"Samastipur.pdf","TRUE"
"BR","Saran",2020-12-15 13:11:00,104,"Saran.pdf","TRUE"
"BR","Sheikhpura",2020-12-15 13:11:00,104,"Sheikhpura.pdf","TRUE"
"BR","Sheohar",2020-12-15 13:11:00,104,"Sheohar.pdf","TRUE"
"BR","Sitamarhi",2020-12-15 13:11:00,104,"Sitamarhi.pdf","TRUE"
"BR","Siwan",2020-12-15 13:11:00,104,"Siwan.pdf","TRUE"
"BR","Supaul",2020-12-15 13:11:00,104,"Supaul.pdf","TRUE"
"BR","Vaishali",2020-12-15 13:11:00,104,"Vaishali.pdf","TRUE"
"DD","Dadra & Nagar Haveli",2020-12-15 13:11:00,104,"Dadra & Nagar Haveli.pdf","TRUE"
"DD","Daman",2020-12-15 13:11:00,104,"Daman.pdf","TRUE"
"DD","Diu",2020-12-15 13:11:00,104,"Diu.pdf","TRUE"
"GA","North Goa",2020-12-15 13:11:00,104,"North Goa.pdf","TRUE"
"GA","South Goa",2020-12-15 13:11:00,104,"South Goa.pdf","TRUE"
"GJ","Ahmedabad",2020-12-15 13:11:00,104,"Ahmedabad.pdf","TRUE"
"GJ","Amreli",2020-12-15 13:11:00,104,"Amreli.pdf","TRUE"
"GJ","Anand",2020-12-15 13:11:00,104,"Anand.pdf","TRUE"
"GJ","Aravali",2020-12-15 13:11:00,104,"Aravali.pdf","TRUE"
"GJ","Banaskantha",2020-12-15 13:11:00,104,"Banaskantha.pdf","TRUE"
"GJ","Bharuch",2020-12-15 13:11:00,104,"Bharuch.pdf","TRUE"
"GJ","Bhavnagar",2020-12-15 13:11:00,104,"Bhavnagar.pdf","TRUE"
"GJ","Botad",2020-12-15 13:11:00,104,"Botad.pdf","TRUE"
"GJ","Chhota Udaipur",2020-12-15 13:11:00,104,"Chhota Udaipur.pdf","TRUE"
"GJ","Dahod",2020-12-15 13:11:00,104,"Dahod.pdf","TRUE"
"GJ","Devbhumi Dwarka",2020-12-15 13:11:00,104,"Devbhumi Dwarka.pdf","TRUE"
"GJ","Gandhinagar",2020-12-15 13:11:00,104,"Gandhinagar.pdf","TRUE"
"GJ","Gir Somnath",2020-12-15 13:11:00,104,"Gir Somnath.pdf","TRUE"
"GJ","Jamnagar",2020-12-15 13:11:00,104,"Jamnagar.pdf","TRUE"
"GJ","Junagadh",2020-12-15 13:11:00,104,"Junagadh.pdf","TRUE"
"GJ","Kachchh",2020-12-15 13:11:00,104,"Kachchh.pdf","TRUE"
"GJ","Mahesana",2020-12-15 13:11:00,104,"Mahesana.pdf","TRUE"
"GJ","Mahisagar",2020-12-16 23:17:51,104,"Mahisagar.pdf","TRUE"
"GJ","Morbi",2020-12-15 13:11:00,104,"Morbi.pdf","TRUE"
"GJ","Narmada",2020-12-15 13:11:00,104,"Narmada.pdf","TRUE"
"GJ","Navsari",2020-12-15 13:11:00,104,"Navsari.pdf","TRUE"
"GJ","Panchmahal",2020-12-15 13:11:00,104,"Panchmahal.pdf","TRUE"
"GJ","Patan",2020-12-15 13:11:00,104,"Patan.pdf","TRUE"
"GJ","Porbandar",2020-12-15 13:11:00,104,"Porbandar.pdf","TRUE"
"GJ","Rajkot",2020-12-15 13:11:00,104,"Rajkot.pdf","TRUE"
"GJ","Sabarkantha",2020-12-15 13:11:00,104,"Sabarkantha.pdf","TRUE"
"GJ","Surat",2020-12-15 13:11:00,104,"Surat.pdf","TRUE"
"GJ","Surendranagar",2020-12-15 13:11:00,104,"Surendranagar.pdf","TRUE"
"GJ","Tapi",2020-12-15 13:11:00,104,"Tapi.pdf","TRUE"
"GJ","The Dangs",2020-12-15 13:11:00,104,"The Dangs.pdf","TRUE"
"GJ","Vadodara",2020-12-15 13:11:00,104,"Vadodara.pdf","TRUE"
"GJ","Valsad",2020-12-15 13:11:00,104,"Valsad.pdf","TRUE"
"JK","Anantnag",2020-12-15 13:11:00,104,"Anantnag.pdf","TRUE"
"JK","Badgam",2020-12-15 13:11:00,104,"Badgam.pdf","TRUE"
"JK","Bandipore",2020-12-15 13:11:00,104,"Bandipore.pdf","TRUE"
"JK","Baramula",2020-12-15 13:11:00,104,"Baramula.pdf","TRUE"
"JK","Doda",2020-12-15 13:11:00,104,"Doda.pdf","TRUE"
"JK","Ganderbal",2020-12-15 13:11:00,104,"Ganderbal.pdf","TRUE"
"JK","Jammu",2020-12-15 13:11:00,104,"Jammu.pdf","TRUE"
"JK","Kathua",2020-12-15 13:11:00,104,"Kathua.pdf","TRUE"
"JK","Kishtwar",2020-12-15 13:11:00,104,"Kishtwar.pdf","TRUE"
"JK","Kulgam",2020-12-15 13:11:00,104,"Kulgam.pdf","TRUE"
"JK","Kupwara",2020-12-15 13:11:00,104,"Kupwara.pdf","TRUE"
"JK","Pulwama",2020-12-15 13:11:00,104,"Pulwama.pdf","TRUE"
"JK","Punch",2020-12-15 13:11:00,104,"Punch.pdf","TRUE"
"JK","Rajouri",2020-12-15 13:11:00,104,"Rajouri.pdf","TRUE"
"JK","Ramban",2020-12-15 13:11:00,104,"Ramban.pdf","TRUE"
"JK","Reasi",2020-12-15 13:11:00,104,"Reasi.pdf","TRUE"
"JK","Samba",2020-12-15 13:11:00,104,"Samba.pdf","TRUE"
"JK","Shupiyan",2020-12-15 13:11:00,104,"Shupiyan.pdf","TRUE"
"JK","Srinagar",2020-12-15 13:11:00,104,"Srinagar.pdf","TRUE"
"JK","Udhampur",2020-12-15 13:11:00,104,"Udhampur.pdf","TRUE"
"KA","Bagalkot",2020-12-15 13:11:00,104,"Bagalkot.pdf","TRUE"
"KA","Bangalore",2020-12-15 13:11:00,104,"Bangalore.pdf","TRUE"
"KA","Bangalore Rural",2020-12-15 13:11:00,104,"Bangalore Rural.pdf","TRUE"
"KA","Belgaum",2020-12-15 13:11:00,104,"Belgaum.pdf","TRUE"
"KA","Bellary",2020-12-15 13:11:00,104,"Bellary.pdf","TRUE"
"KA","Bidar",2020-12-15 13:11:00,104,"Bidar.pdf","TRUE"
"KA","Bijapur",2020-12-15 13:11:00,104,"Bijapur.pdf","TRUE"
"KA","Chamarajanagar",2020-12-15 13:11:00,104,"Chamarajanagar.pdf","TRUE"
"KA","Chikkaballapura",2020-12-15 13:11:00,104,"Chikkaballapura.pdf","TRUE"
"KA","Chikmagalur",2020-12-15 13:11:00,104,"Chikmagalur.pdf","TRUE"
"KA","Chitradurga",2020-12-15 13:11:00,104,"Chitradurga.pdf","TRUE"
"KA","Dakshina Kannada",2020-12-15 13:11:00,104,"Dakshina Kannada.pdf","TRUE"
"KA","Davanagere",2020-12-15 13:11:00,104,"Davanagere.pdf","TRUE"
"KA","Dharwad",2020-12-15 13:11:00,104,"Dharwad.pdf","TRUE"
"KA","Gadag",2020-12-15 13:11:00,104,"Gadag.pdf","TRUE"
"KA","Gulbarga",2020-12-15 13:11:00,104,"Gulbarga.pdf","TRUE"
"KA","Hassan",2020-12-15 13:11:00,104,"Hassan.pdf","TRUE"
"KA","Haveri",2020-12-15 13:11:00,104,"Haveri.pdf","TRUE"
"KA","Kodagu",2020-12-15 13:11:00,104,"Kodagu.pdf","TRUE"
"KA","Kolar",2020-12-15 13:11:00,104,"Kolar.pdf","TRUE"
"KA","Koppal",2020-12-15 13:11:00,104,"Koppal.pdf","TRUE"
"KA","Mandya",2020-12-15 13:11:00,104,"Mandya.pdf","TRUE"
"KA","Mysore",2020-12-15 13:11:00,104,"Mysore.pdf","TRUE"
"KA","Raichur",2020-12-15 13:11:00,104,"Raichur.pdf","TRUE"
"KA","Ramanagara",2020-12-15 13:11:00,104,"Ramanagara.pdf","TRUE"
"KA","Shimoga",2020-12-15 13:11:00,104,"Shimoga.pdf","TRUE"
"KA","Tumkur",2020-12-15 13:11:00,104,"Tumkur.pdf","TRUE"
"KA","Udupi",2020-12-15 13:11:00,104,"Udupi.pdf","TRUE"
"KA","Uttara Kannada",2020-12-15 13:11:00,104,"Uttara Kannada.pdf","TRUE"
"KA","Yadgir",2020-12-15 13:11:00,104,"Yadgir.pdf","TRUE"
"KL","Alappuzha",2020-12-15 13:11:00,104,"Alappuzha.pdf","TRUE"
"KL","Ernakulam",2020-12-15 13:11:00,104,"Ernakulam.pdf","TRUE"
"KL","Idukki",2020-12-15 13:11:00,104,"Idukki.pdf","TRUE"
"KL","Kannur",2020-12-15 13:11:00,104,"Kannur.pdf","TRUE"
"KL","Kasaragod",2020-12-15 13:11:00,104,"Kasaragod.pdf","TRUE"
"KL","Kollam",2020-12-15 13:11:00,104,"Kollam.pdf","TRUE"
"KL","Kottayam",2020-12-15 13:11:00,104,"Kottayam.pdf","TRUE"
"KL","Kozhikode",2020-12-15 13:11:00,104,"Kozhikode.pdf","TRUE"
"KL","Malappuram",2020-12-15 13:11:00,104,"Malappuram.pdf","TRUE"
"KL","Palakkad",2020-12-15 13:11:00,104,"Palakkad.pdf","TRUE"
"KL","Pathanamthitta",2020-12-15 13:11:00,104,"Pathanamthitta.pdf","TRUE"
"KL","Thiruvananthapuram",2020-12-15 13:11:00,104,"Thiruvananthapuram.pdf","TRUE"
"KL","Thrissur",2020-12-15 13:11:00,104,"Thrissur.pdf","TRUE"
"KL","Wayanad",2020-12-15 13:11:00,104,"Wayanad.pdf","TRUE"
"LH","Kargil",2020-12-15 13:11:00,104,"Kargil.pdf","TRUE"
"LH","Leh (Ladakh)",2020-12-15 13:11:00,104,"Leh (Ladakh).pdf","TRUE"
"MH","Ahmednagar",2020-12-15 13:11:00,104,"Ahmednagar.pdf","TRUE"
"MH","Akola",2020-12-15 13:11:00,104,"Akola.pdf","TRUE"
"MH","Amravati",2020-12-15 13:11:00,104,"Amravati.pdf","TRUE"
"MH","Aurangabad",2020-12-15 13:11:00,104,"Aurangabad.pdf","TRUE"
"MH","Bid",2020-12-15 13:11:00,104,"Bid.pdf","TRUE"
"MH","Bhandara",2020-12-15 13:11:00,104,"Bhandara.pdf","TRUE"
"MH","Buldana",2020-12-15 13:11:00,104,"Buldana.pdf","TRUE"
"MH","Chandrapur",2020-12-15 13:11:00,104,"Chandrapur.pdf","TRUE"
"MH","Gadchiroli",2020-12-15 13:11:00,104,"Gadchiroli.pdf","TRUE"
"MH","Gondiya",2020-12-15 13:11:00,104,"Gondiya.pdf","TRUE"
"MH","Hingoli",2020-12-15 13:11:00,104,"Hingoli.pdf","TRUE"
"MH","Jalgaon",2020-12-15 13:11:00,104,"Jalgaon.pdf","TRUE"
"MH","Jalna",2020-12-15 13:11:00,104,"Jalna.pdf","TRUE"
"MH","Kolhapur",2020-12-15 13:11:00,104,"Kolhapur.pdf","TRUE"
"MH","Latur",2020-12-15 13:11:00,104,"Latur.pdf","TRUE"
"MH","Mumbai",2020-12-15 13:11:00,104,"Mumbai.pdf","TRUE"
"MH","Mumbai Suburban",2020-12-15 13:11:00,104,"Mumbai Suburban.pdf","TRUE"
"MH","Nagpur",2020-12-15 13:11:00,104,"Nagpur.pdf","TRUE"
"MH","Nanded",2020-12-15 13:11:00,104,"Nanded.pdf","TRUE"
"MH","Nandurbar",2020-12-15 13:11:00,104,"Nandurbar.pdf","TRUE"
"MH","Nashik",2020-12-15 13:11:00,104,"Nashik.pdf","TRUE"
"MH","Osmanabad",2020-12-15 13:11:00,104,"Osmanabad.pdf","TRUE"
"MH","Parbhani",2020-12-15 13:11:00,104,"Parbhani.pdf","TRUE"
"MH","Pune",2020-12-15 13:11:00,104,"Pune.pdf","TRUE"
"MH","Raigarh",2020-12-16 23:17:51,104,"Raigarh.pdf","TRUE"
"MH","Ratnagiri",2020-12-15 13:11:00,104,"Ratnagiri.pdf","TRUE"
"MH","Sangli",2020-12-15 13:11:00,104,"Sangli.pdf","TRUE"
"MH","Satara",2020-12-15 13:11:00,104,"Satara.pdf","TRUE"
"MH","Sindhudurg",2020-12-15 13:11:00,104,"Sindhudurg.pdf","TRUE"
"MH","Solapur",2020-12-15 13:11:00,104,"Solapur.pdf","TRUE"
"MH","Wardha",2020-12-16 23:17:51,104,"Wardha.pdf","TRUE"
"MH","Washim",2020-12-15 13:11:00,104,"Washim.pdf","TRUE"
"MH","Yavatmal",2020-12-15 13:11:00,104,"Yavatmal.pdf","TRUE"
"MN","Bishnupur",2020-12-15 13:11:00,104,"Bishnupur.pdf","TRUE"
"MN","Chandel",2020-12-15 13:11:00,104,"Chandel.pdf","TRUE"
"MN","Churachandpur",2020-12-15 13:11:00,104,"Churachandpur.pdf","TRUE"
"MN","Imphal East",2020-12-15 13:11:00,104,"Imphal East.pdf","TRUE"
"MN","Imphal West",2020-12-15 13:11:00,104,"Imphal West.pdf","TRUE"
"MN","Senapati",2020-12-15 13:11:00,104,"Senapati.pdf","TRUE"
"MN","Tamenglong",2020-12-15 13:11:00,104,"Tamenglong.pdf","TRUE"
"MN","Thoubal",2020-12-15 13:11:00,104,"Thoubal.pdf","TRUE"
"MN","Ukhrul",2020-12-15 13:11:00,104,"Ukhrul.pdf","TRUE"
"ML","East Khasi Hills",2020-12-15 13:11:00,104,"East Khasi Hills.pdf","TRUE"
"ML","Ribhoi",2020-12-15 13:11:00,104,"Ribhoi.pdf","TRUE"
"ML","South Garo Hills",2020-12-15 13:11:00,104,"South Garo Hills.pdf","TRUE"
"MZ","Aizawl",2020-12-15 13:11:00,104,"Aizawl.pdf","TRUE"
"MZ","Champhai",2020-12-15 13:11:00,104,"Champhai.pdf","TRUE"
"MZ","Kolasib",2020-12-15 13:11:00,104,"Kolasib.pdf","TRUE"
"MZ","Lawngtlai",2020-12-15 13:11:00,104,"Lawngtlai.pdf","TRUE"
"MZ","Lunglei",2020-12-15 13:11:00,104,"Lunglei.pdf","TRUE"
"MZ","Mamit",2020-12-15 13:11:00,104,"Mamit.pdf","TRUE"
"MZ","Saiha",2020-12-15 13:11:00,104,"Saiha.pdf","TRUE"
"MZ","Serchhip",2020-12-15 13:11:00,104,"Serchhip.pdf","TRUE"
"NL","Dimapur",2020-12-15 13:11:00,104,"Dimapur.pdf","TRUE"
"NL","Kiphire",2020-12-15 13:11:00,104,"Kiphire.pdf","TRUE"
"NL","Kohima",2020-12-15 13:11:00,104,"Kohima.pdf","TRUE"
"NL","Longleng",2020-12-15 13:11:00,104,"Longleng.pdf","TRUE"
"NL","Mokokchung",2020-12-15 13:11:00,104,"Mokokchung.pdf","TRUE"
"NL","Mon",2020-12-15 13:11:00,104,"Mon.pdf","TRUE"
"NL","Peren",2020-12-15 13:11:00,104,"Peren.pdf","TRUE"
"NL","Phek",2020-12-15 13:11:00,104,"Phek.pdf","TRUE"
"NL","Tuensang",2020-12-15 13:11:00,104,"Tuensang.pdf","TRUE"
"NL","Wokha",2020-12-15 13:11:00,104,"Wokha.pdf","TRUE"
"NL","Zunheboto",2020-12-15 13:11:00,104,"Zunheboto.pdf","TRUE"
"SK","East District",2020-12-15 13:11:00,104,"East District.pdf","TRUE"
"SK","North District",2020-12-15 13:11:00,104,"North District.pdf","TRUE"
"SK","South District",2020-12-15 13:11:00,104,"South District.pdf","TRUE"
"SK","West District",2020-12-15 13:11:00,104,"West District.pdf","TRUE"
"TG","Adilabad",2020-12-15 13:11:00,104,"Adilabad.pdf","TRUE"
"TG","Bhadradri Kothagudem",2020-12-15 13:11:00,104,"Bhadradri Kothagudem.pdf","TRUE"
"TG","Hyderabad",2020-12-15 13:11:00,104,"Hyderabad.pdf","TRUE"
"TG","Jagitial",2020-12-15 13:11:00,104,"Jagitial.pdf","TRUE"
"TG","Jangoan",2020-12-15 13:11:00,104,"Jangoan.pdf","TRUE"
"TG","Jayashankar Bhupalapally",2020-12-15 13:11:00,104,"Jayashankar Bhupalapally.pdf","TRUE"
"TG","Jogulamba Gadwal",2020-12-15 13:11:00,104,"Jogulamba Gadwal.pdf","TRUE"
"TG","Kamareddy",2020-12-15 13:11:00,104,"Kamareddy.pdf","TRUE"
"TG","Karimnagar",2020-12-15 13:11:00,104,"Karimnagar.pdf","TRUE"
"TG","Khammam",2020-12-15 13:11:00,104,"Khammam.pdf","TRUE"
"TG","Komaram Bheem Asifabad",2020-12-15 13:11:00,104,"Komaram Bheem Asifabad.pdf","TRUE"
"TG","Mahabubabad",2020-12-15 13:11:00,104,"Mahabubabad.pdf","TRUE"
"TG","Mahabubnagar",2020-12-15 13:11:00,104,"Mahabubnagar.pdf","TRUE"
"TG","Mancherial",2020-12-15 13:11:00,104,"Mancherial.pdf","TRUE"
"TG","Medak",2020-12-15 13:11:00,104,"Medak.pdf","TRUE"
"TG","Medchal-Malkajgiri",2020-12-15 13:11:00,104,"Medchal-Malkajgiri.pdf","TRUE"
"TG","Nagarkurnool",2020-12-15 13:11:00,104,"Nagarkurnool.pdf","TRUE"
"TG","Nalgonda",2020-12-15 13:11:00,104,"Nalgonda.pdf","TRUE"
"TG","Nirmal",2020-12-15 13:11:00,104,"Nirmal.pdf","TRUE"
"TG","Nizamabad",2020-12-15 13:11:00,104,"Nizamabad.pdf","TRUE"
"TG","Peddapalli",2020-12-15 13:11:00,104,"Peddapalli.pdf","TRUE"
"TG","Rajanna Sircilla",2020-12-15 13:11:00,104,"Rajanna Sircilla.pdf","TRUE"
"TG","Ranga Reddy",2020-12-15 13:11:00,104,"Ranga Reddy.pdf","TRUE"
"TG","Sangareddy",2020-12-15 13:11:00,104,"Sangareddy.pdf","TRUE"
"TG","Siddipet",2020-12-15 13:11:00,104,"Siddipet.pdf","TRUE"
"TG","Suryapet",2020-12-15 13:11:00,104,"Suryapet.pdf","TRUE"
"TG","Vikarabad",2020-12-15 13:11:00,104,"Vikarabad.pdf","TRUE"
"TG","Wanaparthy",2020-12-15 13:11:00,104,"Wanaparthy.pdf","TRUE"
"TG","Warangal Rural",2020-12-15 13:11:00,104,"Warangal Rural.pdf","TRUE"
"TG","Warangal Urban",2020-12-15 13:11:00,104,"Warangal Urban.pdf","TRUE"
"TG","Yadadri Bhuvanagiri",2020-12-15 13:11:00,104,"Yadadri Bhuvanagiri.pdf","TRUE"
"TR","Dhalai",2020-12-15 13:11:00,104,"Dhalai.pdf","TRUE"
"WB","Bankura",2020-12-15 13:11:00,104,"Bankura.pdf","TRUE"
"WB","Birbhum",2020-12-15 13:11:00,104,"Birbhum.pdf","TRUE"
"WB","Dakshin Dinajpur",2020-12-15 13:11:00,104,"Dakshin Dinajpur.pdf","TRUE"
"WB","Darjeeling",2020-12-15 13:11:00,104,"Darjeeling.pdf","TRUE"
"WB","Haora",2020-12-15 13:11:00,104,"Haora.pdf","TRUE"
"WB","Hugli",2020-12-15 13:11:00,104,"Hugli.pdf","TRUE"
"WB","Jalpaiguri",2020-12-15 13:11:00,104,"Jalpaiguri.pdf","TRUE"
"WB","Koch Bihar",2020-12-15 13:11:00,104,"Koch Bihar.pdf","TRUE"
"WB","Kolkata",2020-12-15 13:11:00,104,"Kolkata.pdf","TRUE"
"WB","Maldah",2020-12-15 13:11:00,104,"Maldah.pdf","TRUE"
"WB","Murshidabad",2020-12-15 13:11:00,104,"Murshidabad.pdf","TRUE"
"WB","Nadia",2020-12-15 13:11:00,104,"Nadia.pdf","TRUE"
"WB","North Twenty Four Parganas",2020-12-15 13:11:00,104,"North Twenty Four Parganas.pdf","TRUE"
"WB","Paschim Medinipur",2020-12-15 13:11:00,104,"Paschim Medinipur.pdf","TRUE"
"WB","Purba Barddhaman",2020-12-15 13:11:00,104,"Purba Barddhaman.pdf","TRUE"
"WB","Paschim Barddhaman",2020-12-15 13:11:00,104,"Paschim Barddhaman.pdf","TRUE"
"WB","Purba Medinipur",2020-12-15 13:11:00,104,"Purba Medinipur.pdf","TRUE"
"WB","Puruliya",2020-12-15 13:11:00,104,"Puruliya.pdf","TRUE"
"WB","South Twenty Four Parganas",2020-12-15 13:11:00,104,"South Twenty Four Parganas.pdf","TRUE"
"WB","Uttar Dinajpur",2020-12-15 13:11:00,104,"Uttar Dinajpur.pdf","TRUE"
"GJ","Kheda",2020-12-15 13:11:00,104,"Kheda.pdf","TRUE"
